model,roc_auc_macro,roc_auc_per_label,f1_macro,precision_macro,recall_macro,f1_per_label,precision_per_label,recall_per_label,hamming_loss
RoBERTa,0.983924663536306,"{'toxic': np.float64(0.9721940493663772), 'severe_toxic': np.float64(0.9865970947307154), 'obscene': np.float64(0.9812984573379757), 'threat': np.float64(0.9959876511324515), 'insult': np.float64(0.9788164618609407), 'identity_hate': np.float64(0.9886542667893756)}",0.6222196306216284,0.5281912860452718,0.7669981232522738,"{'toxic': np.float64(0.6659489203899754), 'severe_toxic': np.float64(0.41625371655104065), 'obscene': np.float64(0.6933604795837575), 'threat': np.float64(0.6139705882352942), 'insult': np.float64(0.6985398630313994), 'identity_hate': np.float64(0.6452442159383034)}","{'toxic': np.float64(0.5237557625364568), 'severe_toxic': np.float64(0.32710280373831774), 'obscene': np.float64(0.5951456310679611), 'threat': np.float64(0.5015015015015015), 'insult': np.float64(0.6268552875695733), 'identity_hate': np.float64(0.5947867298578199)}","{'toxic': np.float64(0.9141215106732348), 'severe_toxic': np.float64(0.5722070844686649), 'obscene': np.float64(0.8303982660525603), 'threat': np.float64(0.7914691943127962), 'insult': np.float64(0.788736504231106), 'identity_hate': np.float64(0.7050561797752809)}",0.03120864463826107
