model,roc_auc_macro,roc_auc_per_label,f1_macro,precision_macro,recall_macro,f1_per_label,precision_per_label,recall_per_label,hamming_loss
LinearSVC,0.9746782628921064,"{'toxic': np.float64(0.9556566695009717), 'severe_toxic': np.float64(0.9831932526536356), 'obscene': np.float64(0.9725907886010634), 'threat': np.float64(0.9911944678333896), 'insult': np.float64(0.967659702075402), 'identity_hate': np.float64(0.9777746966881763)}",0.5400880734017038,0.5847600874348354,0.5141645376602361,"{'toxic': np.float64(0.6624801392146478), 'severe_toxic': np.float64(0.3524590163934426), 'obscene': np.float64(0.698905362338922), 'threat': np.float64(0.44836272040302266), 'insult': np.float64(0.6230366492146597), 'identity_hate': np.float64(0.45528455284552843)}","{'toxic': np.float64(0.6142837098358356), 'severe_toxic': np.float64(0.35342465753424657), 'obscene': np.float64(0.7152580828133863), 'threat': np.float64(0.478494623655914), 'insult': np.float64(0.7091247672253259), 'identity_hate': np.float64(0.6379746835443038)}","{'toxic': np.float64(0.7188834154351396), 'severe_toxic': np.float64(0.35149863760217986), 'obscene': np.float64(0.6832836629639664), 'threat': np.float64(0.4218009478672986), 'insult': np.float64(0.5555879778231689), 'identity_hate': np.float64(0.3539325842696629)}",0.026660206112517845
