model,roc_auc_macro,roc_auc_per_label,f1_macro,precision_macro,recall_macro,f1_per_label,precision_per_label,recall_per_label,hamming_loss
Logistic Regression,0.9746164007221753,"{'toxic': np.float64(0.9556983557967323), 'severe_toxic': np.float64(0.9829845162848422), 'obscene': np.float64(0.9722224340640053), 'threat': np.float64(0.9917506990237042), 'insult': np.float64(0.967100948459998), 'identity_hate': np.float64(0.97794145070377)}",0.4724852417621408,0.3414524588318281,0.8444777967920786,"{'toxic': np.float64(0.600742490718866), 'severe_toxic': np.float64(0.25899875879189077), 'obscene': np.float64(0.6318532625037586), 'threat': np.float64(0.38631346578366443), 'insult': np.float64(0.576082638061184), 'identity_hate': np.float64(0.38092083471348126)}","{'toxic': np.float64(0.45687885010266943), 'severe_toxic': np.float64(0.1526829268292683), 'obscene': np.float64(0.5014317531021317), 'threat': np.float64(0.2517985611510791), 'insult': np.float64(0.4366812227074236), 'identity_hate': np.float64(0.2492414390983962)}","{'toxic': np.float64(0.8768472906403941), 'severe_toxic': np.float64(0.8528610354223434), 'obscene': np.float64(0.85396911406123), 'threat': np.float64(0.8293838862559242), 'insult': np.float64(0.8462211847096586), 'identity_hate': np.float64(0.8075842696629213)}",0.050160471828857835
