model,roc_auc_macro,roc_auc_per_label,f1_macro,precision_macro,recall_macro,f1_per_label,precision_per_label,recall_per_label,hamming_loss
DistilBERT,0.9849151528996831,"{'toxic': np.float64(0.9724872844884318), 'severe_toxic': np.float64(0.987990676642092), 'obscene': np.float64(0.9807177055104838), 'threat': np.float64(0.9970535131715086), 'insult': np.float64(0.9797883387562416), 'identity_hate': np.float64(0.9914533988293408)}",0.6178860259321336,0.5575637276721117,0.7048157583523,"{'toxic': np.float64(0.6717013049782503), 'severe_toxic': np.float64(0.419953596287703), 'obscene': np.float64(0.69413813116657), 'threat': np.float64(0.5689277899343544), 'insult': np.float64(0.7059472885331861), 'identity_hate': np.float64(0.6466480446927374)}","{'toxic': np.float64(0.5313515580194992), 'severe_toxic': np.float64(0.3656565656565657), 'obscene': np.float64(0.607229894394801), 'threat': np.float64(0.5284552845528455), 'insult': np.float64(0.6696335078534031), 'identity_hate': np.float64(0.6430555555555556)}","{'toxic': np.float64(0.912807881773399), 'severe_toxic': np.float64(0.49318801089918257), 'obscene': np.float64(0.8100785694933622), 'threat': np.float64(0.6161137440758294), 'insult': np.float64(0.746425444995623), 'identity_hate': np.float64(0.6502808988764045)}",0.029705523773797243
